keyword,general_keyword_네이버쇼핑
Car Trunk Organizer,차량용트렁크정리함
Automotive Cargo Storage Box,차량용트렁크정리함
Vehicle Boot Organizer Container,차량용트렁크정리함
car tire inflator,차량용타이어공기압주입기
portable tire air pump,차량용타이어공기압주입기
automotive tire compressor,차량용타이어공기압주입기
vehicle air pump for tires,차량용타이어공기압주입기
Car Wireless Charger Silicone Pad,차량용무선충전기실리콘패드
Automotive Wireless Charging Pad Silicone,차량용무선충전기실리콘패드
Vehicle Wireless Charging Mat Silicone,차량용무선충전기실리콘패드
Vehicle Trunk Storage Box,차량용트렁크정리함
Car Tire Inflator,차량용타이어공기압주입기
Vehicle Tire Air Pump,차량용타이어공기압주입기
Vehicle Wireless Charging Silicone Mat,차량용무선충전기실리콘패드
